{
    "num_target_poses": 11,
    "num_reached_poses": 11,
    "route_poses": {
        "0": [
            2,
            0,
            1.5707963267948966
        ],
        "1": [
            2,
            2,
            1.5707963267948966
        ],
        "2": [
            4,
            2,
            3.141592653589793
        ],
        "3": [
            1,
            5,
            0.0
        ],
        "4": [
            5,
            5,
            0.0
        ],
        "5": [
            6,
            3.5,
            -1.5707963267948966
        ],
        "6": [
            8.5,
            3.5,
            -1.5707963267948966
        ],
        "7": [
            9,
            1,
            -1.5707963267948966
        ],
        "8": [
            7,
            0,
            3.141592653589793
        ],
        "9": [
            4,
            0,
            3.141592653589793
        ],
        "10": [
            2,
            0,
            1.5707963267948966
        ]
    },
    "odom_poses": [
        [
            2.0175967216492054,
            0.005321251694125659,
            1.4958782955350807
        ],
        [
            1.9783904552459717,
            2.0076851844787598,
            1.5176887651602027
        ],
        [
            3.997994661331999,
            1.9974088668823422,
            -3.079707208537285
        ],
        [
            0.9922744035720825,
            5.011482238769531,
            -0.04980691846811149
        ],
        [
            5.0405130386353685,
            4.9688873291015625,
            0.15266154003397867
        ],
        [
            5.942948341369629,
            3.4886276721954346,
            -1.645332466187532
        ],
        [
            8.598878860473347,
            3.487012624740851,
            -1.7698418705335583
        ],
        [
            9.021931648254395,
            1.0008679628372192,
            -1.6688088292829335
        ],
        [
            6.997348308563232,
            -0.0007013044087216258,
            -3.075419317910144
        ],
        [
            4.000382423400879,
            -0.024572234600782394,
            3.106914908503722
        ],
        [
            1.9855040311813354,
            -0.015430046245455742,
            1.47711445011261
        ]
    ],
    "pf_mean_poses": [
        [
            2.0129844442624902,
            0.023931521763323638,
            1.4990000000000003
        ],
        [
            1.9791685106170336,
            2.021639369167028,
            1.5300000000000002
        ],
        [
            3.9731506988091705,
            2.030811747666588,
            -3.077
        ],
        [
            0.9957093313838432,
            5.026371510852838,
            -0.049999999999999996
        ],
        [
            5.060355896372267,
            4.973134744454066,
            0.14900000000000005
        ],
        [
            5.94891877280774,
            3.5250010637964384,
            -1.648
        ],
        [
            8.608817935174828,
            3.5012535635256077,
            -1.7680000000000002
        ],
        [
            9.043255987751598,
            1.0227093064655355,
            -1.6680000000000004
        ],
        [
            6.975070922018175,
            0.027981528116091323,
            -3.07
        ],
        [
            3.970393913602348,
            -0.005960510791004519,
            3.106
        ],
        [
            1.9954789134167055,
            0.005220667133862544,
            1.4780000000000004
        ]
    ],
    "pf_occ_coverages": [
        null,
        null,
        null,
        null,
        null,
        null,
        null,
        null,
        null,
        null,
        null
    ],
    "pf_variances": [
        [
            0.00013549306765633234,
            7.381856132515962e-05,
            2.003197813095897e-05
        ],
        [
            0.00011335066138913529,
            0.00021158710360584483,
            3.2812535014609266e-05
        ],
        [
            0.00010481298037567064,
            8.664237697200083e-05,
            3.1190333373108766e-05
        ],
        [
            4.532608125468509e-05,
            0.00035761938375959555,
            1.2044917209346441e-05
        ],
        [
            4.103146381328321e-05,
            1.5299433392690283e-05,
            7.579748501389761e-06
        ],
        [
            6.68161598031902e-05,
            0.00016385734125214666,
            1.5745836301993527e-05
        ],
        [
            6.239722918151812e-05,
            2.8704467962313802e-05,
            7.430097870550713e-06
        ],
        [
            0.00027152318126538066,
            7.125078278816118e-05,
            2.6979733645000823e-05
        ],
        [
            8.128611143024156e-05,
            3.6194448343582975e-05,
            5.744593399000235e-06
        ],
        [
            1.1986250393211641e-05,
            9.763735645487832e-05,
            4.12957451065875e-05
        ],
        [
            0.00011406803975779511,
            9.313313257850693e-05,
            1.4005809001322317e-05
        ]
    ],
    "pf_stds": [
        [
            0.011640148953356754,
            0.00859177288603229,
            0.004475709790743695
        ],
        [
            0.010646626761051376,
            0.014546033947638265,
            0.005728222675019649
        ],
        [
            0.010237821075583938,
            0.00930818870522084,
            0.005584830648561223
        ],
        [
            0.006732464723612378,
            0.01891082715693831,
            0.0034705788003366878
        ],
        [
            0.006405580677290952,
            0.003911449014456188,
            0.002753134305003982
        ],
        [
            0.008174115230603872,
            0.012800677374738677,
            0.00396810235528187
        ],
        [
            0.007899191678995903,
            0.005357655080565919,
            0.002725820586640051
        ],
        [
            0.016477960470439923,
            0.00844101787630859,
            0.005194201925705317
        ],
        [
            0.009015881067884689,
            0.006016182206647583,
            0.0023967881422854703
        ],
        [
            0.003462116461532113,
            0.009881161695614454,
            0.006426176554265179
        ],
        [
            0.01068026403034097,
            0.009650550895078836,
            0.003742433566721301
        ]
    ],
    "num_landmarks_seen": [
        60,
        60,
        60,
        60,
        60,
        60,
        60,
        60,
        60,
        60,
        60
    ],
    "groundtruth_pf_x_pos_diffs": [
        0.004612038968100585,
        0.0007774593246141492,
        0.024843485684848066,
        0.0034333780909965306,
        0.01684285773701255,
        0.005970908275269693,
        0.009940982049828406,
        0.02131957112562155,
        0.02227786338221538,
        0.029988986635689052,
        0.009973690142474512
    ],
    "groundtruth_pf_y_pos_diffs": [
        0.018610302665500733,
        0.013954184688268256,
        0.0334026423656848,
        0.014889748920465351,
        0.010247415352503175,
        0.036374822112478444,
        0.014240461947848893,
        0.021843012558369956,
        0.02868319003626628,
        0.018611906349002498,
        0.020650879154736568
    ],
    "groundtruth_pf_xy_pos_diffs": [
        0.019173269641478002,
        0.013975826033395297,
        0.04162853946492829,
        0.015280468187533851,
        0.01971525749656751,
        0.036861625430061204,
        0.017367034306499853,
        0.030522799848728552,
        0.036318433164623416,
        0.035295075823400295,
        0.022933235814459905
    ],